 account id, account name, battlePass level, battlePass progress, overall score, overall scorePerMin, overall scorePerMatch, overall wins, overall top3, overall top5, overall top6, overall top10, overall top12, overall top25, overall kills, overall killsPerMin, overall killsPerMatch, overall deaths, overall kd, overall matches, overall winRate, overall minutesPlayed, overall playersOutlived, overall lastModified, solo score, solo scorePerMin, solo scorePerMatch, solo wins, solo top10, solo top25, solo kills, solo killsPerMin, solo killsPerMatch, solo deaths, solo kd, solo matches, solo winRate, solo minutesPlayed, solo playersOutlived, solo lastModified, duo score, duo scorePerMin, duo scorePerMatch, duo wins, duo top5, duo top12, duo kills, duo killsPerMin, duo killsPerMatch, duo deaths, duo kd, duo matches, duo winRate, duo minutesPlayed, duo playersOutlived, duo lastModified, trio score, trio scorePerMin, trio scorePerMatch, trio wins, trio top3, trio top6, trio kills, trio killsPerMin, trio killsPerMatch, trio deaths, trio kd, trio matches, trio winRate, trio minutesPlayed, trio playersOutlived, trio lastModified, squad score, squad scorePerMin, squad scorePerMatch, squad wins, squad top3, squad top6, squad kills, squad killsPerMin, squad killsPerMatch, squad deaths, squad kd, squad matches, squad winRate, squad minutesPlayed, squad playersOutlived, squad lastModified, ltm score, ltm scorePerMin, ltm scorePerMatch, ltm wins, ltm kills, ltm killsPerMin, ltm killsPerMatch, ltm deaths, ltm kd, ltm matches, ltm winRate, ltm minutesPlayed, ltm playersOutlived, ltm lastModified
121afd34c94d4a6eae6d2aa305452a1a,Aqua,1.0,0.0,203707.0,23.067,60.251,52.0,78.0,77.0,172.0,56.0,234.0,139.0,2918.0,0.33,0.863,3329.0,0.877,3381.0,1.538,8831.0,67849.0,2020-09-09T21:58:53Z,56772.0,23.373,65.33,8.0,52.0,132.0,740.0,0.305,0.852,861.0,0.859,869.0,0.921,2429.0,21476.0,2020-08-18T05:47:23Z,92314.0,23.177,76.546,17.0,73.0,217.0,1006.0,0.253,0.834,1189.0,0.846,1206.0,1.41,3983.0,29673.0,2020-09-09T21:58:53Z,2759.0,23.784,153.278,1.0,1.0,3.0,21.0,0.181,1.167,17.0,1.235,18.0,5.556,116.0,773.0,2019-09-19T23:58:54Z,51862.0,22.519,40.266,26.0,60.0,140.0,1151.0,0.5,0.894,1262.0,0.912,1288.0,2.019,2303.0,15927.0,2020-08-12T01:20:57Z,156911.0,38.984,218.235,45.0,1263.0,0.314,1.757,674.0,1.874,719.0,6.259,4025.0,12108.0,2020-09-09T22:14:51Z
5ca459a055b74b68bd6cd661fcfe0021,Psalm,1.0,0.0,869135.0,22.708,104.225,239.0,266.0,245.0,465.0,602.0,550.0,1285.0,10111.0,0.264,1.212,8100.0,1.248,8339.0,2.866,38275.0,250351.0,2020-09-13T01:22:59Z,448864.0,23.027,108.921,85.0,587.0,1262.0,4774.0,0.245,1.158,4036.0,1.183,4121.0,2.063,19493.0,131149.0,2020-09-13T00:07:56Z,193646.0,22.622,91.558,67.0,218.0,507.0,2281.0,0.266,1.078,2048.0,1.114,2115.0,3.168,8560.0,58685.0,2020-09-12T23:33:40Z,91710.0,19.774,195.544,15.0,61.0,117.0,659.0,0.142,1.405,454.0,1.452,469.0,3.198,4638.0,23243.0,2020-08-26T03:42:29Z,134915.0,24.161,82.567,72.0,159.0,281.0,2397.0,0.429,1.467,1562.0,1.535,1634.0,4.406,5584.0,37274.0,2020-09-13T01:22:59Z,100855.0,28.434,131.837,49.0,1532.0,0.432,2.003,716.0,2.14,765.0,6.405,3547.0,19375.0,2020-08-10T01:00:49Z
37ed3f19bcc84880a75bbcb98a775a46,Wolfiez,1.0,0.0,0.0,0.0,0.0,0.0,0.0,0.0,0.0,0.0,0.0,0.0,0.0,0.0,0.0,1.0,0.0,1.0,0.0,0.0,0.0,1970-01-01T00:00:00Z,0.0,0.0,0.0,0.0,0.0,0.0,0.0,0.0,0.0,1.0,0.0,1.0,0.0,0.0,0.0,1970-01-01T00:00:00Z,,,,,,,,,,,,,,,,,,,,,,,,,,,,,,,,,,,,,,,,,,,,,,,,,,,,,,,,,,,,,,
2aed14dea20c4d51aff3f2d6087f8e22,Rojo,1.0,0.0,0.0,0.0,0.0,0.0,0.0,0.0,0.0,0.0,0.0,1.0,1.0,0.0,0.111,9.0,0.111,9.0,0.0,0.0,0.0,1970-01-01T00:00:00Z,0.0,0.0,0.0,0.0,0.0,1.0,1.0,0.0,0.167,6.0,0.167,6.0,0.0,0.0,0.0,1970-01-01T00:00:00Z,,,,,,,,,,,,,,,,,,,,,,,,,,,,,,,,,0.0,0.0,0.0,0.0,0.0,0.0,0.0,0.0,0.0,3.0,0.0,3.0,0.0,0.0,0.0,1970-01-01T00:00:00Z,0.0,0.0,0.0,1.0,0.0,0.0,0.0,1.0,0.0,2.0,50.0,0.0,0.0,1970-01-01T00:00:00Z
7e742472755b459187598f85ea2ae480,Kreo,1.0,0.0,420.0,19.091,32.308,0.0,0.0,0.0,0.0,0.0,2.0,0.0,8.0,0.364,0.615,13.0,0.615,13.0,0.0,22.0,110.0,2020-07-21T21:03:13Z,34.0,17.0,11.333,0.0,0.0,0.0,0.0,0.0,0.0,3.0,0.0,3.0,0.0,2.0,28.0,2020-07-21T20:32:34Z,0.0,0.0,0.0,0.0,0.0,2.0,0.0,0.0,0.0,7.0,0.0,7.0,0.0,0.0,0.0,1970-01-01T00:00:00Z,,,,,,,,,,,,,,,,,386.0,19.3,128.667,0.0,0.0,0.0,8.0,0.4,2.667,3.0,2.667,3.0,0.0,20.0,82.0,2020-07-21T21:03:13Z,,,,,,,,,,,,,,
f3310f14c68f4266a7cf93adf467799b,King,36.0,0.0,1235708.0,26.986,109.219,2451.0,2022.0,1462.0,2693.0,616.0,2086.0,864.0,50372.0,1.1,4.452,8863.0,5.683,11314.0,21.663,45791.0,253134.0,2020-09-10T04:06:35Z,128629.0,25.157,84.402,318.0,606.0,852.0,6407.0,1.253,4.204,1206.0,5.313,1524.0,20.866,5113.0,27189.0,2020-09-10T04:06:35Z,386274.0,25.647,95.969,879.0,1418.0,2034.0,16964.0,1.126,4.215,3146.0,5.392,4025.0,21.839,15061.0,81466.0,2020-09-04T07:54:53Z,165502.0,22.693,244.103,66.0,115.0,176.0,1675.0,0.23,2.471,612.0,2.737,678.0,9.735,7293.0,35005.0,2020-09-08T19:10:39Z,555303.0,30.305,109.161,1188.0,1817.0,2412.0,25326.0,1.382,4.979,3899.0,6.496,5087.0,23.354,18324.0,109474.0,2020-09-04T08:40:48Z,106970.0,35.68,199.944,177.0,3930.0,1.311,7.346,358.0,10.978,535.0,33.084,2998.0,13444.0,2020-05-13T05:35:22Z
b73e2e2655fa4ac2a54ab6e576f68f8b,Elevate,1.0,0.0,502794.0,25.717,81.135,318.0,292.0,455.0,495.0,140.0,860.0,326.0,11662.0,0.596,1.882,5879.0,1.984,6197.0,5.132,19551.0,126125.0,2020-07-27T23:17:05Z,85566.0,27.069,69.397,26.0,136.0,319.0,2211.0,0.699,1.793,1207.0,1.832,1233.0,2.109,3161.0,22815.0,2020-07-27T23:17:05Z,230768.0,25.309,82.417,154.0,441.0,838.0,5217.0,0.572,1.863,2646.0,1.972,2800.0,5.5,9118.0,57112.0,2020-05-08T05:13:27Z,53498.0,22.007,211.455,16.0,33.0,54.0,406.0,0.167,1.605,237.0,1.713,253.0,6.324,2431.0,11002.0,2019-10-13T16:19:02Z,132962.0,27.466,69.577,122.0,253.0,427.0,3828.0,0.791,2.003,1789.0,2.14,1911.0,6.384,4841.0,35196.0,2020-05-28T19:25:06Z,34613.0,34.857,67.736,43.0,1098.0,1.106,2.149,468.0,2.346,511.0,8.415,993.0,6145.0,2020-01-15T21:05:26Z
3963a6b44d764bc8a983a2ed065210d0,Mongraal,1.0,0.0,0.0,0.0,0.0,1.0,0.0,0.0,0.0,2.0,0.0,2.0,47.0,0.0,3.615,12.0,3.917,13.0,7.692,0.0,0.0,1970-01-01T00:00:00Z,0.0,0.0,0.0,1.0,2.0,2.0,47.0,0.0,3.615,12.0,3.917,13.0,7.692,0.0,0.0,1970-01-01T00:00:00Z,,,,,,,,,,,,,,,,,,,,,,,,,,,,,,,,,,,,,,,,,,,,,,,,,,,,,,,,,,,,,,
2cf1c747bcd84c66a307d648d85c55c8,Bizzle,1.0,0.0,427093.0,25.888,66.89,282.0,309.0,408.0,550.0,245.0,822.0,504.0,10154.0,0.615,1.59,6103.0,1.664,6385.0,4.417,16498.0,116114.0,2020-09-05T04:23:16Z,66257.0,24.825,42.554,47.0,222.0,453.0,1908.0,0.715,1.225,1510.0,1.264,1557.0,3.019,2669.0,21032.0,2020-09-02T18:16:10Z,179106.0,27.117,67.587,129.0,376.0,746.0,4485.0,0.679,1.692,2521.0,1.779,2650.0,4.868,6605.0,46137.0,2020-09-05T04:23:16Z,20707.0,22.483,171.132,3.0,12.0,24.0,137.0,0.149,1.132,118.0,1.161,121.0,2.479,921.0,6271.0,2020-08-13T20:37:29Z,161023.0,25.547,78.281,103.0,260.0,470.0,3624.0,0.575,1.762,1954.0,1.855,2057.0,5.007,6303.0,42674.0,2020-08-27T05:04:36Z,125616.0,34.015,125.994,139.0,3147.0,0.852,3.156,858.0,3.668,997.0,13.942,3693.0,14979.0,2020-08-18T03:28:15Z
9d47ce293b484f5f9c1a45ed79ed5084,Stompy,1.0,0.0,0.0,0.0,0.0,23.0,32.0,3.0,54.0,17.0,6.0,37.0,375.0,0.0,1.19,292.0,1.284,315.0,7.302,0.0,0.0,1970-01-01T00:00:00Z,0.0,0.0,0.0,3.0,16.0,36.0,152.0,0.0,1.197,124.0,1.226,127.0,2.362,0.0,0.0,1970-01-01T00:00:00Z,0.0,0.0,0.0,1.0,3.0,6.0,23.0,0.0,0.697,32.0,0.719,33.0,3.03,0.0,0.0,1970-01-01T00:00:00Z,,,,,,,,,,,,,,,,,0.0,0.0,0.0,19.0,31.0,49.0,200.0,0.0,1.29,136.0,1.471,155.0,12.258,0.0,0.0,1970-01-01T00:00:00Z,0.0,0.0,0.0,4.0,31.0,0.0,1.476,17.0,1.824,21.0,19.048,0.0,0.0,1970-01-01T00:00:00Z
09870282a71142edb57dfe48e304baf1,Nayte,1.0,0.0,8419.0,24.982,27.071,11.0,33.0,6.0,48.0,5.0,8.0,13.0,382.0,1.134,1.228,300.0,1.273,311.0,3.537,337.0,2226.0,2020-03-06T03:10:28Z,0.0,0.0,0.0,0.0,5.0,13.0,59.0,0.0,1.255,47.0,1.255,47.0,0.0,0.0,0.0,1970-01-01T00:00:00Z,465.0,29.062,12.917,0.0,5.0,7.0,36.0,2.25,1.0,36.0,1.0,36.0,0.0,16.0,90.0,2019-08-08T17:38:22Z,1287.0,21.45,143.0,0.0,1.0,2.0,9.0,0.15,1.0,9.0,1.0,9.0,0.0,60.0,441.0,2019-08-10T19:38:15Z,6667.0,25.544,30.443,11.0,28.0,42.0,278.0,1.065,1.269,208.0,1.337,219.0,5.023,261.0,1695.0,2020-03-06T03:10:28Z,5421.0,23.266,78.565,8.0,100.0,0.429,1.449,61.0,1.639,69.0,11.594,233.0,1413.0,2019-01-29T04:20:43Z
cfd4fb85bf0a4c8b981add4cf721b4fd,Vivid,1.0,0.0,35844.0,28.091,174.0,13.0,15.0,1.0,21.0,9.0,2.0,25.0,447.0,0.35,2.17,193.0,2.316,206.0,6.311,1276.0,12498.0,2020-08-15T01:05:40Z,20116.0,28.056,145.768,4.0,9.0,25.0,236.0,0.329,1.71,134.0,1.761,138.0,2.899,717.0,8181.0,2020-08-15T01:05:40Z,1769.0,26.803,126.357,0.0,1.0,2.0,22.0,0.333,1.571,14.0,1.571,14.0,0.0,66.0,893.0,2020-07-12T06:32:18Z,,,,,,,,,,,,,,,,,13959.0,28.314,258.5,9.0,15.0,21.0,189.0,0.383,3.5,45.0,4.2,54.0,16.667,493.0,3424.0,2020-08-15T00:50:36Z,13690.0,25.928,248.909,0.0,152.0,0.288,2.764,55.0,2.764,55.0,0.0,528.0,1089.0,2020-07-09T01:46:14Z
0ccafc2bac7d42acbd65072d7c3ddbcd,Riversan,1.0,0.0,0.0,0.0,0.0,0.0,0.0,0.0,0.0,0.0,1.0,0.0,2.0,0.0,0.167,12.0,0.167,12.0,0.0,0.0,0.0,1970-01-01T00:00:00Z,,,,,,,,,,,,,,,,,0.0,0.0,0.0,0.0,0.0,1.0,0.0,0.0,0.0,7.0,0.0,7.0,0.0,0.0,0.0,1970-01-01T00:00:00Z,,,,,,,,,,,,,,,,,0.0,0.0,0.0,0.0,0.0,0.0,2.0,0.0,0.4,5.0,0.4,5.0,0.0,0.0,0.0,1970-01-01T00:00:00Z,,,,,,,,,,,,,,
c9a51e3f5c694c7da88edf282056a0dd,Cizzorz,1.0,0.0,293.0,13.952,146.5,0.0,0.0,0.0,0.0,0.0,0.0,0.0,0.0,0.0,0.0,2.0,0.0,2.0,0.0,21.0,73.0,2019-05-08T14:58:12Z,293.0,13.952,146.5,0.0,0.0,0.0,0.0,0.0,0.0,2.0,0.0,2.0,0.0,21.0,73.0,2019-05-08T14:58:12Z,,,,,,,,,,,,,,,,,,,,,,,,,,,,,,,,,,,,,,,,,,,,,,,,,,,,,,,,,,,,,,
4da299eb870f4e468c0becbac314f8ac,Suezhoo,27.0,74.0,846921.0,23.995,127.242,838.0,701.0,740.0,994.0,159.0,1101.0,251.0,19269.0,0.546,2.895,5818.0,3.312,6656.0,12.59,35295.0,182545.0,2020-09-03T01:59:27Z,71064.0,23.984,159.336,62.0,146.0,237.0,1180.0,0.398,2.646,384.0,3.073,446.0,13.901,2963.0,15433.0,2020-08-29T23:23:04Z,333294.0,23.002,121.952,374.0,722.0,1078.0,8050.0,0.556,2.945,2359.0,3.412,2733.0,13.685,14490.0,73432.0,2020-07-28T21:24:47Z,254495.0,23.025,214.402,86.0,168.0,250.0,2248.0,0.203,1.894,1101.0,2.042,1187.0,7.245,11053.0,55881.0,2020-09-03T01:59:27Z,188068.0,27.702,82.126,316.0,495.0,699.0,7791.0,1.148,3.402,1974.0,3.947,2290.0,13.799,6789.0,37799.0,2020-05-10T19:50:45Z,90884.0,35.502,195.449,105.0,3458.0,1.351,7.437,360.0,9.606,465.0,22.581,2560.0,7393.0,2020-06-27T15:59:12Z
1865600c5e774e52b1fa92b7dfebc8b1,Poach,1.0,0.0,14143.0,30.481,196.431,2.0,1.0,2.0,3.0,6.0,6.0,11.0,219.0,0.472,3.042,70.0,3.129,72.0,2.778,464.0,3419.0,2019-06-30T06:51:54Z,6834.0,35.046,297.13,2.0,6.0,11.0,109.0,0.559,4.739,21.0,5.19,23.0,8.696,195.0,1309.0,2019-06-30T06:51:54Z,2156.0,26.293,154.0,0.0,1.0,3.0,29.0,0.354,2.071,14.0,2.071,14.0,0.0,82.0,601.0,2019-06-29T09:02:52Z,,,,,,,,,,,,,,,,,5153.0,27.556,147.229,0.0,1.0,3.0,81.0,0.433,2.314,35.0,2.314,35.0,0.0,187.0,1509.0,2019-06-28T21:09:14Z,2085.0,23.427,260.625,0.0,27.0,0.303,3.375,8.0,3.375,8.0,0.0,89.0,231.0,2019-06-28T20:50:29Z
5399d9e05b7145eba27951bc9dd7ea74,Chap,1.0,53.0,424265.0,25.901,53.861,202.0,233.0,351.0,463.0,132.0,787.0,370.0,10212.0,0.623,1.296,7675.0,1.331,7877.0,2.564,16380.0,125631.0,2020-08-29T05:23:57Z,76058.0,26.492,37.541,15.0,121.0,342.0,2356.0,0.821,1.163,2011.0,1.172,2026.0,0.74,2871.0,27786.0,2020-05-30T22:23:26Z,217252.0,25.996,61.527,110.0,341.0,759.0,4830.0,0.578,1.368,3421.0,1.412,3531.0,3.115,8357.0,62056.0,2020-08-29T05:23:57Z,16226.0,22.886,170.8,3.0,9.0,16.0,151.0,0.213,1.589,92.0,1.641,95.0,3.158,709.0,4389.0,2020-05-30T08:30:31Z,114729.0,25.822,51.564,74.0,202.0,404.0,2875.0,0.647,1.292,2151.0,1.337,2225.0,3.326,4443.0,31400.0,2020-06-29T20:42:28Z,75840.0,30.968,84.927,67.0,1672.0,0.683,1.872,826.0,2.024,893.0,7.503,2449.0,12684.0,2020-07-18T05:47:03Z
49fbe865585e41a08af4846a25b260ca,72hrs,1.0,0.0,13286.0,30.97,271.143,7.0,2.0,7.0,6.0,1.0,12.0,1.0,334.0,0.779,6.816,42.0,7.952,49.0,14.286,429.0,2556.0,2019-04-30T02:05:44Z,712.0,26.37,356.0,0.0,1.0,1.0,7.0,0.259,3.5,2.0,3.5,2.0,0.0,27.0,90.0,2019-04-21T03:40:57Z,8056.0,33.567,350.261,5.0,7.0,12.0,192.0,0.8,8.348,18.0,10.667,23.0,21.739,240.0,1366.0,2019-04-30T02:05:44Z,,,,,,,,,,,,,,,,,4518.0,27.889,188.25,2.0,2.0,6.0,135.0,0.833,5.625,22.0,6.136,24.0,8.333,162.0,1100.0,2019-04-21T03:23:01Z,,,,,,,,,,,,,,
334ace71a4474d2dbc49a8f6c1f9731e,Domentos,1.0,0.0,0.0,0.0,0.0,0.0,0.0,1.0,2.0,0.0,4.0,3.0,10.0,0.0,0.133,75.0,0.133,75.0,0.0,0.0,0.0,1970-01-01T00:00:00Z,0.0,0.0,0.0,0.0,0.0,3.0,4.0,0.0,0.174,23.0,0.174,23.0,0.0,0.0,0.0,1970-01-01T00:00:00Z,0.0,0.0,0.0,0.0,1.0,4.0,4.0,0.0,0.103,39.0,0.103,39.0,0.0,0.0,0.0,1970-01-01T00:00:00Z,,,,,,,,,,,,,,,,,0.0,0.0,0.0,0.0,0.0,2.0,2.0,0.0,0.154,13.0,0.154,13.0,0.0,0.0,0.0,1970-01-01T00:00:00Z,0.0,0.0,0.0,1.0,3.0,0.0,0.75,3.0,1.0,4.0,25.0,0.0,0.0,1970-01-01T00:00:00Z
a0f02160f7b044279b4f5c60c155b273,Morgausse,1.0,0.0,0.0,0.0,0.0,2.0,0.0,2.0,0.0,2.0,5.0,3.0,54.0,0.0,1.8,28.0,1.929,30.0,6.667,0.0,0.0,1970-01-01T00:00:00Z,0.0,0.0,0.0,0.0,2.0,3.0,27.0,0.0,2.7,10.0,2.7,10.0,0.0,0.0,0.0,1970-01-01T00:00:00Z,0.0,0.0,0.0,2.0,2.0,5.0,27.0,0.0,1.35,18.0,1.5,20.0,10.0,0.0,0.0,1970-01-01T00:00:00Z,,,,,,,,,,,,,,,,,,,,,,,,,,,,,,,,,,,,,,,,,,,,,,
1fb178de1838443cb4034ed6648b3be5,Mackwood,1.0,0.0,9377.0,21.606,5.414,48.0,77.0,209.0,149.0,28.0,405.0,53.0,1509.0,3.477,0.871,1684.0,0.896,1732.0,2.771,434.0,3039.0,2019-01-31T01:06:41Z,0.0,0.0,0.0,1.0,28.0,53.0,106.0,0.0,0.955,110.0,0.964,111.0,0.901,0.0,0.0,1970-01-01T00:00:00Z,6486.0,21.912,5.563,32.0,209.0,405.0,936.0,3.162,0.803,1134.0,0.825,1166.0,2.744,296.0,2133.0,2019-01-30T21:59:34Z,,,,,,,,,,,,,,,,,2891.0,20.949,6.354,15.0,77.0,149.0,467.0,3.384,1.026,440.0,1.061,455.0,3.297,138.0,906.0,2019-01-31T01:06:41Z,,,,,,,,,,,,,,
97811356aabf44de8247c8b3557b06ee,Hunter,1.0,0.0,0.0,0.0,0.0,7.0,12.0,12.0,16.0,2.0,25.0,7.0,89.0,0.0,0.864,96.0,0.927,103.0,6.796,0.0,0.0,1970-01-01T00:00:00Z,0.0,0.0,0.0,0.0,2.0,7.0,31.0,0.0,1.192,26.0,1.192,26.0,0.0,0.0,0.0,1970-01-01T00:00:00Z,0.0,0.0,0.0,2.0,12.0,25.0,47.0,0.0,0.734,62.0,0.758,64.0,3.125,0.0,0.0,1970-01-01T00:00:00Z,,,,,,,,,,,,,,,,,0.0,0.0,0.0,5.0,10.0,12.0,11.0,0.0,0.846,8.0,1.375,13.0,38.462,0.0,0.0,1970-01-01T00:00:00Z,0.0,0.0,0.0,1.0,8.0,0.0,0.889,8.0,1.0,9.0,11.111,0.0,0.0,1970-01-01T00:00:00Z
85fc0040c8a345b78a7cae7e1caaa3e9,Fatch,1.0,0.0,0.0,0.0,0.0,0.0,0.0,0.0,0.0,0.0,0.0,4.0,7.0,0.0,0.389,18.0,0.389,18.0,0.0,0.0,0.0,1970-01-01T00:00:00Z,0.0,0.0,0.0,0.0,0.0,4.0,7.0,0.0,0.389,18.0,0.389,18.0,0.0,0.0,0.0,1970-01-01T00:00:00Z,,,,,,,,,,,,,,,,,,,,,,,,,,,,,,,,,,,,,,,,,,,,,,,,,0.0,0.0,0.0,0.0,1.0,0.0,0.333,3.0,0.333,3.0,0.0,0.0,0.0,1970-01-01T00:00:00Z
a991e4f32c9f4c86bac12dda18c91ed3,Rhux,1.0,0.0,0.0,0.0,0.0,0.0,0.0,0.0,0.0,1.0,0.0,2.0,14.0,0.0,0.7,20.0,0.7,20.0,0.0,0.0,0.0,1970-01-01T00:00:00Z,0.0,0.0,0.0,0.0,1.0,2.0,14.0,0.0,0.7,20.0,0.7,20.0,0.0,0.0,0.0,1970-01-01T00:00:00Z,,,,,,,,,,,,,,,,,,,,,,,,,,,,,,,,,,,,,,,,,,,,,,,,,0.0,0.0,0.0,0.0,4.0,0.0,4.0,1.0,4.0,1.0,0.0,0.0,0.0,1970-01-01T00:00:00Z
c3b1898a728844808067252350e5288a,Reverse2k,44.0,73.0,3957169.0,29.082,207.54,4936.0,2683.0,2687.0,3465.0,1948.0,3661.0,2682.0,89357.0,0.657,4.686,14131.0,6.323,19067.0,25.888,136070.0,722712.0,2020-09-13T21:58:49Z,1073868.0,30.618,228.483,1199.0,1914.0,2642.0,23119.0,0.659,4.919,3501.0,6.604,4700.0,25.511,35073.0,204651.0,2020-09-13T21:58:49Z,1451897.0,27.895,210.115,1772.0,2655.0,3609.0,30257.0,0.581,4.379,5138.0,5.889,6910.0,25.644,52049.0,255334.0,2020-08-27T22:03:37Z,343839.0,23.726,302.675,178.0,281.0,399.0,3617.0,0.25,3.184,958.0,3.776,1136.0,15.669,14492.0,63300.0,2020-09-12T01:21:45Z,1087565.0,31.564,172.056,1787.0,2332.0,2983.0,32364.0,0.939,5.12,4534.0,7.138,6321.0,28.271,34456.0,199427.0,2020-08-30T23:12:52Z,129439.0,30.833,158.238,188.0,4971.0,1.184,6.077,630.0,7.89,818.0,22.983,4198.0,19702.0,2020-08-11T23:45:33Z
b79599e0a8234675a78706d0c4e48878,Aspect,53.0,32.0,555765.0,25.781,84.194,192.0,136.0,273.0,258.0,482.0,600.0,1029.0,9339.0,0.433,1.415,6409.0,1.457,6601.0,2.909,21557.0,157036.0,2020-09-13T14:15:37Z,332206.0,25.996,95.571,97.0,451.0,962.0,5134.0,0.402,1.477,3379.0,1.519,3476.0,2.791,12779.0,95948.0,2020-09-13T14:15:37Z,169738.0,25.934,81.683,66.0,243.0,533.0,2921.0,0.446,1.406,2012.0,1.452,2078.0,3.176,6545.0,45530.0,2020-09-12T13:44:58Z,2989.0,21.978,149.45,0.0,1.0,1.0,27.0,0.199,1.35,20.0,1.35,20.0,0.0,136.0,934.0,2019-09-21T10:11:34Z,50832.0,24.24,49.496,29.0,72.0,164.0,1257.0,0.599,1.224,998.0,1.26,1027.0,2.824,2097.0,14624.0,2020-09-12T14:10:08Z,212497.0,32.211,120.874,156.0,4548.0,0.689,2.587,1602.0,2.839,1758.0,8.874,6597.0,36239.0,2020-09-13T09:19:48Z
31d4a358f2c4461f82e925a6968c1804,Pate1k,1.0,0.0,30889.0,38.182,17.651,290.0,327.0,139.0,416.0,57.0,216.0,101.0,3263.0,4.033,1.865,1460.0,2.235,1750.0,16.571,809.0,5325.0,2019-02-08T01:29:15Z,752.0,25.067,4.0,10.0,52.0,92.0,471.0,15.7,2.505,178.0,2.646,188.0,5.319,30.0,233.0,2019-02-05T02:48:04Z,13050.0,28.744,20.649,67.0,137.0,212.0,1051.0,2.315,1.663,565.0,1.86,632.0,10.601,454.0,3104.0,2019-02-08T01:29:15Z,,,,,,,,,,,,,,,,,17087.0,52.575,18.373,213.0,315.0,402.0,1741.0,5.357,1.872,717.0,2.428,930.0,22.903,325.0,1988.0,2019-02-03T06:05:52Z,48481.0,82.171,163.787,82.0,1429.0,2.422,4.828,214.0,6.678,296.0,27.703,590.0,1842.0,2019-02-05T03:07:36Z
bd98e3aa14d44c469417827242e0105c,Svennoss,1.0,0.0,1780286.0,26.007,106.527,4728.0,821.0,1484.0,1136.0,5184.0,2162.0,6631.0,76417.0,1.116,4.573,11984.0,6.377,16712.0,28.291,68455.0,373365.0,2020-01-18T18:42:06Z,1074636.0,28.894,110.947,3443.0,5051.0,6469.0,49575.0,1.333,5.118,6243.0,7.941,9686.0,35.546,37192.0,226821.0,2020-01-18T18:42:06Z,497276.0,22.4,122.724,770.0,1358.0,1965.0,14615.0,0.658,3.607,3282.0,4.453,4052.0,19.003,22200.0,104679.0,2019-12-23T02:18:45Z,48116.0,20.571,260.086,14.0,32.0,57.0,354.0,0.151,1.914,171.0,2.07,185.0,7.568,2339.0,10041.0,2019-08-25T00:10:51Z,160258.0,23.834,57.461,501.0,708.0,965.0,11873.0,1.766,4.257,2288.0,5.189,2789.0,17.963,6724.0,31824.0,2019-12-14T21:30:10Z,177383.0,28.994,119.611,274.0,7613.0,1.244,5.134,1209.0,6.297,1483.0,18.476,6118.0,34818.0,2019-12-14T19:32:12Z
0214484a97294fc291cad49ad526979d,Derox,1.0,0.0,0.0,0.0,0.0,2.0,3.0,1.0,4.0,0.0,2.0,4.0,28.0,0.0,0.322,85.0,0.329,87.0,2.299,0.0,0.0,1970-01-01T00:00:00Z,0.0,0.0,0.0,0.0,0.0,4.0,13.0,0.0,0.394,33.0,0.394,33.0,0.0,0.0,0.0,1970-01-01T00:00:00Z,0.0,0.0,0.0,0.0,1.0,2.0,6.0,0.0,0.273,22.0,0.273,22.0,0.0,0.0,0.0,1970-01-01T00:00:00Z,,,,,,,,,,,,,,,,,0.0,0.0,0.0,2.0,3.0,4.0,9.0,0.0,0.281,30.0,0.3,32.0,6.25,0.0,0.0,1970-01-01T00:00:00Z,,,,,,,,,,,,,,
8263a11eb2064bce8cea3fafabd90296,Kamo,1.0,0.0,0.0,0.0,0.0,0.0,0.0,0.0,0.0,0.0,0.0,1.0,0.0,0.0,0.0,1.0,0.0,1.0,0.0,0.0,0.0,1970-01-01T00:00:00Z,0.0,0.0,0.0,0.0,0.0,1.0,0.0,0.0,0.0,1.0,0.0,1.0,0.0,0.0,0.0,1970-01-01T00:00:00Z,,,,,,,,,,,,,,,,,,,,,,,,,,,,,,,,,,,,,,,,,,,,,,,,,,,,,,,,,,,,,,
599470915cfa43bbbd41bde60f434ead,7ssk7,41.0,47.0,1353063.0,27.669,114.773,1771.0,618.0,745.0,865.0,1619.0,1151.0,2415.0,54419.0,1.113,4.616,10018.0,5.432,11789.0,15.022,48901.0,279083.0,2020-09-14T12:24:55Z,667747.0,28.605,104.992,850.0,1599.0,2388.0,30842.0,1.321,4.849,5510.0,5.597,6360.0,13.365,23344.0,150413.0,2020-09-14T12:24:55Z,348192.0,25.477,126.111,460.0,725.0,1118.0,11460.0,0.839,4.151,2301.0,4.98,2761.0,16.661,13667.0,67549.0,2020-05-29T13:22:41Z,129530.0,24.166,269.854,54.0,75.0,126.0,1191.0,0.222,2.481,426.0,2.796,480.0,11.25,5360.0,23695.0,2020-09-06T11:17:30Z,207594.0,31.791,94.878,407.0,511.0,702.0,10926.0,1.673,4.994,1781.0,6.135,2188.0,18.601,6530.0,37426.0,2020-02-20T12:01:30Z,46935.0,33.311,181.216,58.0,1483.0,1.053,5.726,201.0,7.378,259.0,22.394,1409.0,6951.0,2020-01-23T16:26:27Z
56f45788128e4c5c98f96fd34f4b9eaa,Pika,1.0,0.0,0.0,0.0,0.0,2.0,11.0,2.0,28.0,0.0,9.0,0.0,125.0,0.0,0.845,146.0,0.856,148.0,1.351,0.0,0.0,1970-01-01T00:00:00Z,,,,,,,,,,,,,,,,,0.0,0.0,0.0,0.0,2.0,9.0,29.0,0.0,0.604,48.0,0.604,48.0,0.0,0.0,0.0,1970-01-01T00:00:00Z,,,,,,,,,,,,,,,,,0.0,0.0,0.0,2.0,11.0,28.0,96.0,0.0,0.96,98.0,0.98,100.0,2.0,0.0,0.0,1970-01-01T00:00:00Z,,,,,,,,,,,,,,
0b743deb5f5e48d2a0bf7326c21cd76a,Teeqzy,1.0,0.0,2413.0,21.167,31.338,2.0,0.0,0.0,0.0,4.0,1.0,11.0,183.0,1.605,2.377,75.0,2.44,77.0,2.597,114.0,716.0,2020-03-11T19:25:38Z,68.0,17.0,1.36,2.0,4.0,11.0,158.0,39.5,3.16,48.0,3.292,50.0,4.0,4.0,0.0,2020-02-06T13:52:53Z,2345.0,21.318,101.957,0.0,0.0,1.0,25.0,0.227,1.087,23.0,1.087,23.0,0.0,110.0,716.0,2020-03-11T19:25:38Z,,,,,,,,,,,,,,,,,0.0,0.0,0.0,0.0,0.0,0.0,0.0,0.0,0.0,4.0,0.0,4.0,0.0,0.0,0.0,1970-01-01T00:00:00Z,,,,,,,,,,,,,,
6e9827e930e64f88a83d8651a0e487a9,Tchub,1.0,0.0,0.0,0.0,0.0,0.0,1.0,1.0,3.0,1.0,1.0,1.0,21.0,0.0,0.778,27.0,0.778,27.0,0.0,0.0,0.0,1970-01-01T00:00:00Z,0.0,0.0,0.0,0.0,1.0,1.0,3.0,0.0,0.75,4.0,0.75,4.0,0.0,0.0,0.0,1970-01-01T00:00:00Z,0.0,0.0,0.0,0.0,1.0,1.0,2.0,0.0,0.4,5.0,0.4,5.0,0.0,0.0,0.0,1970-01-01T00:00:00Z,,,,,,,,,,,,,,,,,0.0,0.0,0.0,0.0,1.0,3.0,16.0,0.0,0.889,18.0,0.889,18.0,0.0,0.0,0.0,1970-01-01T00:00:00Z,,,,,,,,,,,,,,
a3a4d6929f37405384b7bc17171e0837,Aydan,1.0,0.0,0.0,0.0,0.0,0.0,0.0,0.0,0.0,13.0,1.0,35.0,41.0,0.0,0.196,209.0,0.196,209.0,0.0,0.0,0.0,1970-01-01T00:00:00Z,0.0,0.0,0.0,0.0,13.0,35.0,36.0,0.0,0.194,186.0,0.194,186.0,0.0,0.0,0.0,1970-01-01T00:00:00Z,0.0,0.0,0.0,0.0,0.0,1.0,4.0,0.0,2.0,2.0,2.0,2.0,0.0,0.0,0.0,1970-01-01T00:00:00Z,,,,,,,,,,,,,,,,,0.0,0.0,0.0,0.0,0.0,0.0,1.0,0.0,0.048,21.0,0.048,21.0,0.0,0.0,0.0,1970-01-01T00:00:00Z,,,,,,,,,,,,,,
178099c108944bba92c67c4659239251,Commandment,10.0,89.0,389457.0,24.169,111.56,61.0,107.0,124.0,240.0,107.0,263.0,279.0,3068.0,0.19,0.879,3430.0,0.894,3491.0,1.747,16114.0,123715.0,2020-09-06T03:38:53Z,132774.0,23.68,118.337,8.0,95.0,254.0,1014.0,0.181,0.904,1114.0,0.91,1122.0,0.713,5607.0,47505.0,2020-09-06T03:38:53Z,136269.0,25.4,133.728,22.0,118.0,234.0,1141.0,0.213,1.12,997.0,1.144,1019.0,2.159,5365.0,39393.0,2020-08-25T22:42:36Z,2912.0,20.95,121.333,1.0,2.0,3.0,5.0,0.036,0.208,23.0,0.217,24.0,4.167,139.0,962.0,2020-08-24T03:00:27Z,117502.0,23.486,88.614,30.0,81.0,192.0,908.0,0.181,0.685,1296.0,0.701,1326.0,2.262,5003.0,35855.0,2020-08-25T23:12:16Z,251180.0,38.063,134.249,203.0,2763.0,0.419,1.477,1668.0,1.656,1871.0,10.85,6599.0,23401.0,2020-08-23T00:41:03Z
6f329ca43c024b1695c21f75da1b95d7,Endretta,1.0,0.0,0.0,0.0,0.0,0.0,0.0,0.0,0.0,0.0,0.0,1.0,3.0,0.0,0.333,9.0,0.333,9.0,0.0,0.0,0.0,1970-01-01T00:00:00Z,0.0,0.0,0.0,0.0,0.0,1.0,3.0,0.0,0.333,9.0,0.333,9.0,0.0,0.0,0.0,1970-01-01T00:00:00Z,,,,,,,,,,,,,,,,,,,,,,,,,,,,,,,,,,,,,,,,,,,,,,,,,0.0,0.0,0.0,7.0,7.0,0.0,0.152,39.0,0.179,46.0,15.217,0.0,0.0,1970-01-01T00:00:00Z
521eccd6d70346e2962f4009b63555fb,Wakie,30.0,85.0,89122.0,24.633,41.782,117.0,274.0,41.0,492.0,35.0,89.0,76.0,1792.0,0.495,0.84,2016.0,0.889,2133.0,5.485,3618.0,23938.0,2020-09-11T09:12:58Z,6082.0,21.721,24.926,2.0,35.0,76.0,214.0,0.764,0.877,242.0,0.884,244.0,0.82,280.0,1993.0,2020-09-05T04:39:35Z,17447.0,23.325,80.032,3.0,33.0,71.0,173.0,0.231,0.794,215.0,0.805,218.0,1.376,748.0,5572.0,2020-09-02T04:38:20Z,,,,,,,,,,,,,,,,,65593.0,25.325,39.254,112.0,259.0,469.0,1405.0,0.542,0.841,1559.0,0.901,1671.0,6.703,2590.0,16373.0,2020-09-11T09:12:58Z,65775.0,49.122,186.331,58.0,663.0,0.495,1.878,295.0,2.247,353.0,16.431,1339.0,6080.0,2020-08-28T03:15:31Z
4735ce9132924caf8a5b17789b40f79c,Ninja,1.0,0.0,3173945.0,34.919,147.331,7512.0,3275.0,3420.0,3853.0,3155.0,4224.0,3975.0,132329.0,1.456,6.143,14031.0,9.431,21543.0,34.87,90894.0,508725.0,2020-08-25T02:20:40Z,676949.0,34.648,94.322,2187.0,3103.0,3915.0,47412.0,2.427,6.606,4990.0,9.501,7177.0,30.472,19538.0,123020.0,2020-07-08T17:15:40Z,1209444.0,32.683,166.659,2634.0,3399.0,4194.0,41850.0,1.131,5.767,4623.0,9.053,7257.0,36.296,37005.0,194117.0,2020-08-25T02:20:40Z,42684.0,26.528,296.417,22.0,25.0,48.0,439.0,0.273,3.049,122.0,3.598,144.0,15.278,1609.0,7089.0,2020-06-18T20:04:52Z,1244868.0,38.021,178.732,2669.0,3150.0,3694.0,42628.0,1.302,6.12,4296.0,9.923,6965.0,38.32,32742.0,184499.0,2020-07-08T18:50:51Z,110946.0,41.321,280.167,152.0,3026.0,1.127,7.641,244.0,12.402,396.0,38.384,2685.0,14065.0,2020-04-03T06:37:53Z
e610901827a446afb8aa36501d1ae0b7,Nikof,1.0,0.0,0.0,0.0,0.0,0.0,0.0,0.0,0.0,0.0,0.0,1.0,8.0,0.0,0.889,9.0,0.889,9.0,0.0,0.0,0.0,1970-01-01T00:00:00Z,0.0,0.0,0.0,0.0,0.0,1.0,7.0,0.0,1.0,7.0,1.0,7.0,0.0,0.0,0.0,1970-01-01T00:00:00Z,0.0,0.0,0.0,0.0,0.0,0.0,1.0,0.0,0.5,2.0,0.5,2.0,0.0,0.0,0.0,1970-01-01T00:00:00Z,,,,,,,,,,,,,,,,,,,,,,,,,,,,,,,,,,,,,,,,,,,,,,
47d72604b1c2413fb4f90c620935397f,Symfuhny,1.0,0.0,2969985.0,31.8,178.517,3355.0,964.0,1246.0,1192.0,3361.0,1908.0,4863.0,72392.0,0.775,4.351,13282.0,5.45,16637.0,20.166,93396.0,545986.0,2020-04-12T17:22:08Z,1315773.0,33.633,141.375,1867.0,3308.0,4786.0,45020.0,1.151,4.837,7440.0,6.051,9307.0,20.06,39122.0,256971.0,2020-04-12T17:22:08Z,936134.0,28.233,199.9,746.0,1209.0,1854.0,16669.0,0.503,3.559,3937.0,4.234,4683.0,15.93,33157.0,177002.0,2020-03-29T14:41:35Z,139909.0,23.729,295.791,66.0,100.0,155.0,1232.0,0.209,2.605,407.0,3.027,473.0,13.953,5896.0,25375.0,2019-09-22T22:07:53Z,578169.0,37.985,265.947,676.0,828.0,996.0,9471.0,0.622,4.356,1498.0,6.322,2174.0,31.095,15221.0,86638.0,2020-03-09T19:12:14Z,119096.0,33.911,209.676,103.0,3483.0,0.992,6.132,465.0,7.49,568.0,18.134,3512.0,16538.0,2020-02-17T20:12:29Z
87b4720658f74ba4bb7f6e732716ba1d,Tuckz,1.0,0.0,0.0,0.0,0.0,0.0,0.0,1.0,0.0,2.0,2.0,8.0,21.0,0.0,0.808,26.0,0.808,26.0,0.0,0.0,0.0,1970-01-01T00:00:00Z,0.0,0.0,0.0,0.0,2.0,8.0,17.0,0.0,1.0,17.0,1.0,17.0,0.0,0.0,0.0,1970-01-01T00:00:00Z,0.0,0.0,0.0,0.0,1.0,2.0,4.0,0.0,0.444,9.0,0.444,9.0,0.0,0.0,0.0,1970-01-01T00:00:00Z,,,,,,,,,,,,,,,,,,,,,,,,,,,,,,,,,,,,,,,,,,,,,,
445f53f1adea455ca84e225efb167070,Nicks,149.0,6.0,1164828.0,27.242,98.157,1070.0,1081.0,752.0,1555.0,515.0,1271.0,995.0,23977.0,0.561,2.02,10797.0,2.221,11867.0,9.017,42758.0,255835.0,2020-09-14T01:45:18Z,256324.0,25.117,79.777,128.0,503.0,968.0,6174.0,0.605,1.922,3085.0,2.001,3213.0,3.984,10205.0,68166.0,2020-09-11T17:07:32Z,364640.0,26.194,89.176,315.0,710.0,1198.0,7788.0,0.559,1.905,3774.0,2.064,4089.0,7.704,13921.0,76098.0,2020-09-02T01:45:58Z,34418.0,24.204,240.685,15.0,29.0,40.0,214.0,0.15,1.497,128.0,1.672,143.0,10.49,1422.0,7198.0,2020-08-22T08:24:51Z,509446.0,29.602,115.207,612.0,987.0,1426.0,9801.0,0.569,2.216,3810.0,2.572,4422.0,13.84,17210.0,104373.0,2020-09-14T01:45:18Z,157445.0,33.492,146.733,133.0,3346.0,0.712,3.118,940.0,3.56,1073.0,12.395,4701.0,23232.0,2020-08-14T01:02:49Z
a63ae0de42ee41d2b4bf20bd656d3511,Nickmercs,1.0,0.0,2356136.0,29.664,107.434,3331.0,3484.0,908.0,4711.0,1032.0,1462.0,1738.0,106256.0,1.338,4.845,18600.0,5.713,21931.0,15.189,79428.0,478992.0,2020-06-15T19:51:37Z,670470.0,27.991,150.905,373.0,1004.0,1690.0,19230.0,0.803,4.328,4070.0,4.725,4443.0,8.395,23953.0,152255.0,2020-03-28T17:18:05Z,711610.0,27.39,192.953,434.0,854.0,1361.0,12680.0,0.488,3.438,3254.0,3.897,3688.0,11.768,25981.0,137420.0,2020-04-11T19:35:32Z,116760.0,25.207,273.443,43.0,72.0,115.0,1136.0,0.245,2.66,384.0,2.958,427.0,10.07,4632.0,21243.0,2020-06-15T19:51:37Z,857296.0,34.482,64.106,2481.0,3377.0,4546.0,73210.0,2.945,5.474,10892.0,6.721,13373.0,18.552,24862.0,168074.0,2020-06-15T19:08:58Z,151752.0,32.84,240.494,92.0,4372.0,0.946,6.929,539.0,8.111,631.0,14.58,4621.0,28259.0,2020-02-02T17:07:53Z
c33df2e87f1f4c9d83e7e0dbd43b7e6b,Furious,1.0,0.0,3475.0,24.645,1.803,28.0,63.0,62.0,134.0,75.0,190.0,165.0,1948.0,13.816,1.011,1899.0,1.026,1927.0,1.453,141.0,1040.0,2019-12-01T05:08:28Z,1800.0,31.034,3.025,3.0,55.0,125.0,551.0,9.5,0.926,592.0,0.931,595.0,0.504,58.0,370.0,2019-11-14T18:36:09Z,1675.0,20.181,2.107,3.0,51.0,164.0,859.0,10.349,1.081,792.0,1.085,795.0,0.377,83.0,670.0,2019-12-01T05:08:28Z,,,,,,,,,,,,,,,,,0.0,0.0,0.0,22.0,57.0,119.0,538.0,0.0,1.002,515.0,1.045,537.0,4.097,0.0,0.0,1970-01-01T00:00:00Z,902.0,29.097,1.545,66.0,728.0,23.484,1.247,518.0,1.405,584.0,11.301,31.0,279.0,2019-12-01T04:48:38Z
f26dee7ce5c94776b5f313eda2d1bfa9,Issa,1.0,0.0,5500.0,22.727,59.783,2.0,2.0,7.0,4.0,1.0,15.0,3.0,37.0,0.153,0.402,90.0,0.411,92.0,2.174,242.0,1702.0,2020-08-30T15:14:54Z,481.0,14.576,68.714,0.0,1.0,3.0,2.0,0.061,0.286,7.0,0.286,7.0,0.0,33.0,117.0,2019-10-15T19:41:49Z,4378.0,23.665,62.543,2.0,7.0,15.0,25.0,0.135,0.357,68.0,0.368,70.0,2.857,185.0,1425.0,2020-08-30T15:14:54Z,,,,,,,,,,,,,,,,,641.0,26.708,42.733,0.0,2.0,4.0,10.0,0.417,0.667,15.0,0.667,15.0,0.0,24.0,160.0,2019-10-19T20:00:20Z,397.0,12.406,56.714,0.0,0.0,0.0,0.0,7.0,0.0,7.0,0.0,32.0,88.0,2020-04-25T15:30:39Z
860e7dadbdf74a6b965c1bee5ec67e4a,Kurtz,1.0,0.0,64246.0,28.29,27.716,59.0,96.0,81.0,186.0,38.0,205.0,101.0,4076.0,1.795,1.758,2259.0,1.804,2318.0,2.545,2271.0,16995.0,2019-12-01T22:03:29Z,4034.0,24.748,8.318,1.0,37.0,99.0,779.0,4.779,1.606,484.0,1.61,485.0,0.206,163.0,1219.0,2019-11-04T15:16:15Z,22352.0,27.766,24.482,16.0,81.0,205.0,1566.0,1.945,1.715,897.0,1.746,913.0,1.752,805.0,6712.0,2019-11-28T12:42:22Z,,,,,,,,,,,,,,,,,37860.0,29.056,41.152,42.0,96.0,179.0,1731.0,1.328,1.882,878.0,1.972,920.0,4.565,1303.0,9064.0,2019-12-01T22:03:29Z,1435.0,17.938,9.025,16.0,320.0,4.0,2.013,143.0,2.238,159.0,10.063,80.0,307.0,2019-12-01T00:17:48Z
74ca2bc4e2a04133a213546b17b775ee,Badsniper,1.0,0.0,0.0,0.0,0.0,0.0,0.0,0.0,0.0,0.0,0.0,0.0,1.0,0.0,0.25,4.0,0.25,4.0,0.0,0.0,0.0,1970-01-01T00:00:00Z,0.0,0.0,0.0,0.0,0.0,0.0,1.0,0.0,0.25,4.0,0.25,4.0,0.0,0.0,0.0,1970-01-01T00:00:00Z,,,,,,,,,,,,,,,,,,,,,,,,,,,,,,,,,,,,,,,,,,,,,,,,,,,,,,,,,,,,,,
b4e1a9e4dbb34749a9c09f50ee52ae85,Animal,159.0,32.0,952168.0,27.603,88.05,1050.0,1634.0,462.0,2303.0,218.0,913.0,440.0,17975.0,0.521,1.662,9764.0,1.841,10814.0,9.71,34495.0,180769.0,2020-09-14T01:25:31Z,16344.0,21.035,11.445,39.0,183.0,365.0,2469.0,3.178,1.729,1389.0,1.778,1428.0,2.731,777.0,4030.0,2020-05-24T21:06:36Z,121722.0,25.992,37.11,170.0,432.0,861.0,5640.0,1.204,1.72,3110.0,1.814,3280.0,5.183,4683.0,25388.0,2020-05-23T20:29:08Z,32701.0,26.959,204.381,21.0,48.0,64.0,70.0,0.058,0.438,139.0,0.504,160.0,13.125,1213.0,5681.0,2020-06-28T03:13:09Z,781401.0,28.086,131.416,820.0,1342.0,1943.0,9796.0,0.352,1.647,5126.0,1.911,5946.0,13.791,27822.0,145670.0,2020-09-14T01:25:31Z,600288.0,24.444,204.458,267.0,4825.0,0.196,1.643,2669.0,1.808,2936.0,9.094,24558.0,41604.0,2020-09-12T17:20:00Z
8c9c29f8ffae4d7b9153380ec5430f00,Ritz,1.0,0.0,131133.0,26.06,174.147,31.0,11.0,49.0,24.0,30.0,114.0,73.0,1291.0,0.257,1.714,722.0,1.788,753.0,4.117,5032.0,38298.0,2020-07-21T10:17:57Z,42121.0,27.035,157.168,8.0,30.0,73.0,456.0,0.293,1.701,260.0,1.754,268.0,2.985,1558.0,12581.0,2020-07-21T10:17:57Z,67124.0,25.887,195.128,16.0,49.0,113.0,604.0,0.233,1.756,328.0,1.841,344.0,4.651,2593.0,18797.0,2020-04-29T04:00:39Z,899.0,21.927,224.75,0.0,1.0,1.0,5.0,0.122,1.25,4.0,1.25,4.0,0.0,41.0,291.0,2020-06-17T08:23:46Z,20989.0,24.987,153.204,7.0,8.0,20.0,226.0,0.269,1.65,130.0,1.738,137.0,5.109,840.0,6629.0,2020-06-17T08:38:57Z,6441.0,25.358,238.556,0.0,94.0,0.37,3.481,27.0,3.481,27.0,0.0,254.0,1030.0,2020-07-20T10:58:25Z
18ffc8b6d1f0478bb02ff69994826952,Edgey,1.0,0.0,5459.0,22.558,5.746,50.0,107.0,33.0,179.0,20.0,56.0,39.0,1186.0,4.901,1.248,900.0,1.318,950.0,5.263,242.0,1407.0,2020-04-24T11:59:01Z,300.0,14.286,2.609,5.0,20.0,39.0,186.0,8.857,1.617,110.0,1.691,115.0,4.348,21.0,21.0,2020-04-24T11:59:01Z,805.0,21.757,4.193,6.0,29.0,50.0,230.0,6.216,1.198,186.0,1.237,192.0,3.125,37.0,270.0,2019-01-05T06:01:18Z,,,,,,,,,,,,,,,,,4354.0,23.663,6.771,39.0,101.0,171.0,770.0,4.185,1.198,604.0,1.275,643.0,6.065,184.0,1116.0,2020-02-06T12:16:11Z,9783.0,24.336,107.505,20.0,262.0,0.652,2.879,71.0,3.69,91.0,21.978,402.0,1769.0,2020-04-24T14:28:22Z
c343e919c97448a7b1df4c96a80282ce,Tyler15,1.0,0.0,0.0,0.0,0.0,0.0,0.0,0.0,0.0,1.0,1.0,3.0,0.0,0.0,0.0,12.0,0.0,12.0,0.0,0.0,0.0,1970-01-01T00:00:00Z,0.0,0.0,0.0,0.0,1.0,3.0,0.0,0.0,0.0,7.0,0.0,7.0,0.0,0.0,0.0,1970-01-01T00:00:00Z,0.0,0.0,0.0,0.0,0.0,1.0,0.0,0.0,0.0,3.0,0.0,3.0,0.0,0.0,0.0,1970-01-01T00:00:00Z,,,,,,,,,,,,,,,,,0.0,0.0,0.0,0.0,0.0,0.0,0.0,0.0,0.0,2.0,0.0,2.0,0.0,0.0,0.0,1970-01-01T00:00:00Z,22.0,11.0,22.0,0.0,0.0,0.0,0.0,1.0,0.0,1.0,0.0,2.0,18.0,2019-01-20T00:29:36Z
51062d57ba334f78b9ea59291827215d,4zr,1.0,0.0,0.0,0.0,0.0,0.0,0.0,0.0,0.0,0.0,0.0,1.0,3.0,0.0,0.333,9.0,0.333,9.0,0.0,0.0,0.0,1970-01-01T00:00:00Z,0.0,0.0,0.0,0.0,0.0,1.0,3.0,0.0,0.333,9.0,0.333,9.0,0.0,0.0,0.0,1970-01-01T00:00:00Z,,,,,,,,,,,,,,,,,,,,,,,,,,,,,,,,,,,,,,,,,,,,,,,,,,,,,,,,,,,,,,
27cf885e8246420e96cf29015fd3706e,Crimz,1.0,0.0,,,,,,,,,,,,,,,,,,,,,,,,,,,,,,,,,,,,,,,,,,,,,,,,,,,,,,,,,,,,,,,,,,,,,,,,,,,,,,,,,,,,,0.0,0.0,0.0,0.0,0.0,0.0,0.0,2.0,0.0,2.0,0.0,0.0,0.0,1970-01-01T00:00:00Z
0074ec6c56cb4825a41cef0437730c52,Deadra,6.0,40.0,2663.0,24.209,40.969,0.0,0.0,2.0,1.0,8.0,2.0,14.0,58.0,0.527,0.892,65.0,0.892,65.0,0.0,110.0,781.0,2020-09-03T19:34:40Z,2120.0,25.542,57.297,0.0,8.0,14.0,39.0,0.47,1.054,37.0,1.054,37.0,0.0,83.0,604.0,2020-09-03T19:34:40Z,42.0,21.0,2.471,0.0,2.0,2.0,14.0,7.0,0.824,17.0,0.824,17.0,0.0,2.0,16.0,2020-09-03T18:44:26Z,,,,,,,,,,,,,,,,,501.0,20.04,45.545,0.0,0.0,1.0,5.0,0.2,0.455,11.0,0.455,11.0,0.0,25.0,161.0,2020-09-03T18:58:47Z,0.0,0.0,0.0,2.0,3.0,0.0,1.0,1.0,3.0,3.0,66.667,0.0,0.0,1970-01-01T00:00:00Z
5dd3674a930d4538bdf998759b95c0cc,Legedien,59.0,18.0,1451077.0,24.529,116.393,2364.0,1400.0,1279.0,1780.0,1376.0,1814.0,1991.0,39476.0,0.667,3.166,10103.0,3.907,12467.0,18.962,59158.0,278244.0,2020-09-14T04:52:41Z,521902.0,23.346,123.556,654.0,1342.0,1945.0,13117.0,0.587,3.105,3570.0,3.674,4224.0,15.483,22355.0,111090.0,2020-09-14T04:52:41Z,454723.0,23.809,111.452,743.0,1253.0,1782.0,12099.0,0.633,2.965,3337.0,3.626,4080.0,18.211,19099.0,85604.0,2020-08-18T03:00:00Z,222093.0,22.797,289.561,107.0,192.0,275.0,1705.0,0.175,2.223,660.0,2.583,767.0,13.95,9742.0,41279.0,2020-09-12T05:44:05Z,252359.0,31.695,74.311,860.0,1164.0,1454.0,12555.0,1.577,3.697,2536.0,4.951,3396.0,25.324,7962.0,40271.0,2020-09-13T04:33:09Z,41295.0,29.475,119.696,81.0,1599.0,1.141,4.635,264.0,6.057,345.0,23.478,1401.0,6391.0,2020-07-04T18:41:35Z
cd349a1c845749e799e8c01dde71421d,Snayzy,1.0,0.0,1726.0,26.969,246.571,1.0,0.0,1.0,0.0,1.0,1.0,3.0,16.0,0.25,2.286,6.0,2.667,7.0,14.286,64.0,466.0,2020-07-27T16:27:03Z,591.0,24.625,295.5,0.0,1.0,2.0,3.0,0.125,1.5,2.0,1.5,2.0,0.0,24.0,171.0,2020-07-27T16:27:03Z,800.0,32.0,400.0,1.0,1.0,1.0,8.0,0.32,4.0,1.0,8.0,2.0,50.0,25.0,169.0,2020-07-27T14:12:19Z,,,,,,,,,,,,,,,,,335.0,22.333,111.667,0.0,0.0,0.0,5.0,0.333,1.667,3.0,1.667,3.0,0.0,15.0,126.0,2020-07-27T14:30:50Z,136.0,19.429,68.0,0.0,0.0,0.0,0.0,2.0,0.0,2.0,0.0,7.0,76.0,2020-07-27T13:46:45Z
8f9ed36091f54e739eb60e8d9d0eef5c,Spades,1.0,0.0,0.0,0.0,0.0,6.0,10.0,4.0,15.0,0.0,9.0,0.0,105.0,0.0,0.648,156.0,0.673,162.0,3.704,0.0,0.0,1970-01-01T00:00:00Z,0.0,0.0,0.0,0.0,0.0,0.0,2.0,0.0,0.25,8.0,0.25,8.0,0.0,0.0,0.0,1970-01-01T00:00:00Z,0.0,0.0,0.0,1.0,4.0,9.0,50.0,0.0,0.676,73.0,0.685,74.0,1.351,0.0,0.0,1970-01-01T00:00:00Z,,,,,,,,,,,,,,,,,0.0,0.0,0.0,5.0,10.0,15.0,53.0,0.0,0.662,75.0,0.707,80.0,6.25,0.0,0.0,1970-01-01T00:00:00Z,0.0,0.0,0.0,2.0,6.0,0.0,0.462,11.0,0.545,13.0,15.385,0.0,0.0,1970-01-01T00:00:00Z
dd578e6a79a843d0841d0c3c2385fab1,Tennp0,1.0,0.0,0.0,0.0,0.0,0.0,0.0,0.0,0.0,0.0,0.0,0.0,0.0,0.0,0.0,3.0,0.0,3.0,0.0,0.0,0.0,1970-01-01T00:00:00Z,,,,,,,,,,,,,,,,,,,,,,,,,,,,,,,,,,,,,,,,,,,,,,,,,0.0,0.0,0.0,0.0,0.0,0.0,0.0,0.0,0.0,3.0,0.0,3.0,0.0,0.0,0.0,1970-01-01T00:00:00Z,,,,,,,,,,,,,,
085239facabf408f97e2cf1991911ffd,Eclipsae,1.0,0.0,20165.0,24.562,347.672,10.0,3.0,4.0,6.0,12.0,6.0,16.0,226.0,0.275,3.897,48.0,4.708,58.0,17.241,821.0,3591.0,2020-07-04T22:59:10Z,12032.0,26.1,388.129,5.0,12.0,16.0,147.0,0.319,4.742,26.0,5.654,31.0,16.129,461.0,2064.0,2020-07-04T22:59:10Z,3322.0,21.712,369.111,3.0,4.0,6.0,20.0,0.131,2.222,6.0,3.333,9.0,33.333,153.0,561.0,2020-02-25T03:52:36Z,4811.0,23.242,267.278,2.0,3.0,6.0,59.0,0.285,3.278,16.0,3.688,18.0,11.111,207.0,966.0,2020-07-01T19:37:28Z,,,,,,,,,,,,,,,,,,,,,,,,,,,,,,
2467ec07d4cf45fca6dd666b90994c4c,Hysteria,1.0,0.0,1062035.0,25.926,81.532,3242.0,1870.0,2108.0,2350.0,843.0,2763.0,1174.0,54627.0,1.334,4.194,9784.0,5.583,13026.0,24.889,40964.0,215993.0,2020-02-26T04:24:43Z,155154.0,24.036,66.447,478.0,773.0,1085.0,10316.0,1.598,4.418,1857.0,5.555,2335.0,20.471,6455.0,36928.0,2020-02-18T05:22:50Z,431786.0,24.288,77.94,1455.0,2033.0,2665.0,23538.0,1.324,4.249,4085.0,5.762,5540.0,26.264,17778.0,87417.0,2020-02-18T05:26:40Z,69300.0,20.981,248.387,14.0,37.0,74.0,428.0,0.13,1.534,265.0,1.615,279.0,5.018,3303.0,13346.0,2019-09-21T06:38:43Z,405795.0,30.22,83.291,1295.0,1690.0,2101.0,20345.0,1.515,4.176,3577.0,5.688,4872.0,26.58,13428.0,78302.0,2020-02-26T04:24:43Z,202223.0,36.45,137.848,372.0,8204.0,1.479,5.592,1095.0,7.492,1467.0,25.358,5548.0,28082.0,2020-02-18T06:17:17Z
cd7f282b092d43e1a70584d7c1c23859,Parpy,1.0,0.0,0.0,0.0,0.0,0.0,0.0,0.0,0.0,0.0,2.0,0.0,1.0,0.0,0.25,4.0,0.25,4.0,0.0,0.0,0.0,1970-01-01T00:00:00Z,,,,,,,,,,,,,,,,,0.0,0.0,0.0,0.0,0.0,2.0,1.0,0.0,0.25,4.0,0.25,4.0,0.0,0.0,0.0,1970-01-01T00:00:00Z,,,,,,,,,,,,,,,,,,,,,,,,,,,,,,,,,,,,,,,,,,,,,,
0776cbd7374a403bb1be9c19b12da321,Vorwenn,1.0,0.0,144.0,14.4,36.0,0.0,0.0,3.0,0.0,0.0,3.0,2.0,0.0,0.0,0.0,4.0,0.0,4.0,0.0,10.0,121.0,2019-07-07T20:38:16Z,127.0,14.111,42.333,0.0,0.0,0.0,0.0,0.0,0.0,3.0,0.0,3.0,0.0,9.0,115.0,2019-06-20T15:24:55Z,17.0,17.0,17.0,0.0,0.0,0.0,0.0,0.0,0.0,1.0,0.0,1.0,0.0,1.0,6.0,2019-07-07T20:38:16Z,,,,,,,,,,,,,,,,,,,,,,,,,,,,,,,,,1609.0,28.228,229.857,1.0,8.0,0.14,1.143,6.0,1.333,7.0,14.286,57.0,79.0,2019-07-09T12:26:08Z
4c9c479d45b84225ba91497edfd53ce6,M11z,12.0,43.0,731380.0,24.361,130.907,105.0,103.0,204.0,193.0,246.0,431.0,672.0,7004.0,0.233,1.254,5482.0,1.278,5587.0,1.879,30022.0,224927.0,2020-09-13T21:28:00Z,314941.0,24.799,114.649,20.0,242.0,664.0,3439.0,0.271,1.252,2727.0,1.261,2747.0,0.728,12700.0,104700.0,2020-09-13T21:28:00Z,263123.0,23.78,146.098,38.0,199.0,422.0,1999.0,0.181,1.11,1763.0,1.134,1801.0,2.11,11065.0,78355.0,2020-09-11T14:11:19Z,18238.0,19.259,172.057,2.0,11.0,24.0,61.0,0.064,0.575,104.0,0.587,106.0,1.887,947.0,5447.0,2020-09-04T21:13:49Z,135078.0,25.438,144.778,45.0,88.0,161.0,1505.0,0.283,1.613,888.0,1.695,933.0,4.823,5310.0,36425.0,2020-09-10T21:38:16Z,55535.0,33.987,180.308,17.0,791.0,0.484,2.568,291.0,2.718,308.0,5.519,1634.0,6215.0,2020-08-21T18:14:19Z
be294ee3db4949f38ab43fefb27f5951,Nolanlul,9.0,67.0,1041715.0,23.672,130.639,1484.0,895.0,680.0,1128.0,1082.0,984.0,1475.0,27038.0,0.614,3.391,6490.0,4.166,7974.0,18.61,44007.0,211826.0,2020-09-13T23:38:13Z,416872.0,23.835,147.149,553.0,1082.0,1473.0,9947.0,0.569,3.511,2280.0,4.363,2833.0,19.52,17490.0,90578.0,2020-09-13T23:38:13Z,381793.0,22.677,156.923,317.0,672.0,972.0,5623.0,0.334,2.311,2116.0,2.657,2433.0,13.029,16836.0,76727.0,2020-05-26T02:32:42Z,117981.0,22.123,293.485,46.0,95.0,141.0,979.0,0.184,2.435,356.0,2.75,402.0,11.443,5333.0,22550.0,2020-09-07T23:20:00Z,125069.0,28.765,54.236,568.0,789.0,976.0,10489.0,2.412,4.549,1738.0,6.035,2306.0,24.631,4348.0,21971.0,2020-02-27T03:25:39Z,12599.0,23.288,37.165,67.0,1320.0,2.44,3.894,272.0,4.853,339.0,19.764,541.0,2404.0,2020-02-04T23:11:54Z
75ded18c8d2d42b68c26be35f8a25e45,Thief,72.0,91.0,2207128.0,30.36,178.167,1085.0,1300.0,582.0,1798.0,281.0,1107.0,565.0,42240.0,0.581,3.41,11303.0,3.737,12388.0,8.758,72699.0,479907.0,2020-09-14T02:15:23Z,313532.0,35.738,149.372,91.0,267.0,543.0,5914.0,0.674,2.818,2008.0,2.945,2099.0,4.335,8773.0,71368.0,2020-09-11T16:18:16Z,618922.0,30.345,144.338,226.0,549.0,1044.0,11693.0,0.573,2.727,4062.0,2.879,4288.0,5.271,20396.0,144891.0,2020-09-14T02:15:23Z,27345.0,25.11,195.321,7.0,14.0,18.0,405.0,0.372,2.893,133.0,3.045,140.0,5.0,1089.0,6328.0,2020-09-06T21:16:10Z,1247329.0,29.39,212.818,761.0,1271.0,1748.0,24228.0,0.571,4.134,5100.0,4.751,5861.0,12.984,42441.0,257320.0,2020-09-14T01:35:46Z,62160.0,34.135,74.622,88.0,1965.0,1.079,2.359,745.0,2.638,833.0,10.564,1821.0,13469.0,2020-09-08T23:32:21Z
96d87bd396a646eb8ad0ca581fae64fe,Skailer,1.0,0.0,33737.0,22.857,76.85,8.0,7.0,1.0,14.0,69.0,8.0,150.0,440.0,0.298,1.002,431.0,1.021,439.0,1.822,1476.0,10882.0,2020-04-17T11:40:03Z,24816.0,23.589,81.632,6.0,62.0,140.0,329.0,0.313,1.082,298.0,1.104,304.0,1.974,1052.0,7687.0,2020-04-17T11:17:55Z,3741.0,19.586,98.447,0.0,1.0,8.0,19.0,0.099,0.5,38.0,0.5,38.0,0.0,191.0,1523.0,2019-12-08T14:09:19Z,,,,,,,,,,,,,,,,,5180.0,22.232,53.402,2.0,7.0,13.0,92.0,0.395,0.948,95.0,0.968,97.0,2.062,233.0,1672.0,2020-04-17T11:40:03Z,10825.0,29.496,177.459,9.0,219.0,0.597,3.59,52.0,4.212,61.0,14.754,367.0,2004.0,2020-04-22T14:55:53Z
6533ded271324f63b045220fa442861e,Clipnode,51.0,38.0,2262402.0,27.161,155.267,3663.0,1806.0,1714.0,2169.0,2668.0,2216.0,3542.0,62645.0,0.752,4.299,10908.0,5.743,14571.0,25.139,83295.0,407256.0,2020-09-11T06:45:13Z,1054644.0,27.883,153.269,1667.0,2613.0,3469.0,31350.0,0.829,4.556,5214.0,6.013,6881.0,24.226,37824.0,197397.0,2020-09-11T06:45:13Z,781201.0,26.79,214.262,1078.0,1491.0,1967.0,14254.0,0.489,3.909,2568.0,5.551,3646.0,29.567,29160.0,135473.0,2020-07-29T01:17:31Z,273403.0,24.95,316.439,141.0,232.0,313.0,2648.0,0.242,3.065,723.0,3.663,864.0,16.319,10958.0,47023.0,2020-09-09T22:28:03Z,153154.0,28.611,48.162,777.0,1007.0,1284.0,14393.0,2.689,4.526,2403.0,5.99,3180.0,24.434,5353.0,27363.0,2020-09-08T20:04:26Z,160517.0,34.328,135.801,809.0,4992.0,1.068,4.223,373.0,13.383,1182.0,68.443,4676.0,24292.0,2020-04-25T15:30:06Z
0ab2e75b205d42ab927691584136f656,Nittle,1.0,0.0,3287.0,26.508,182.611,2.0,2.0,0.0,2.0,2.0,0.0,2.0,46.0,0.371,2.556,16.0,2.875,18.0,11.111,124.0,346.0,2020-06-05T04:39:48Z,1499.0,22.044,149.9,1.0,2.0,2.0,17.0,0.25,1.7,9.0,1.889,10.0,10.0,68.0,144.0,2020-06-05T04:13:21Z,17.0,17.0,4.25,0.0,0.0,0.0,0.0,0.0,0.0,4.0,0.0,4.0,0.0,1.0,3.0,2019-02-27T01:06:43Z,771.0,40.579,385.5,0.0,1.0,1.0,10.0,0.526,5.0,2.0,5.0,2.0,0.0,19.0,104.0,2020-06-05T04:39:48Z,1000.0,27.778,500.0,1.0,1.0,1.0,19.0,0.528,9.5,1.0,19.0,2.0,50.0,36.0,95.0,2019-04-17T00:15:14Z,495.0,30.938,495.0,0.0,34.0,2.125,34.0,1.0,34.0,1.0,0.0,16.0,20.0,2019-04-17T00:52:28Z
9e410bca41d54c15a1612b2f6fd6f5c6,Daequan,1.0,0.0,2810.0,26.019,140.5,0.0,0.0,1.0,0.0,2.0,1.0,4.0,28.0,0.259,1.4,20.0,1.4,20.0,0.0,108.0,857.0,2019-06-27T02:57:55Z,2135.0,27.025,164.231,0.0,2.0,4.0,24.0,0.304,1.846,13.0,1.846,13.0,0.0,79.0,622.0,2019-06-27T02:57:55Z,451.0,26.529,112.75,0.0,0.0,0.0,3.0,0.176,0.75,4.0,0.75,4.0,0.0,17.0,190.0,2019-06-24T03:42:27Z,,,,,,,,,,,,,,,,,224.0,18.667,74.667,0.0,0.0,0.0,1.0,0.083,0.333,3.0,0.333,3.0,0.0,12.0,45.0,2019-06-19T05:59:56Z,1159.0,22.288,77.267,0.0,11.0,0.212,0.733,15.0,0.733,15.0,0.0,52.0,512.0,2019-06-27T03:39:12Z
61c31c4a29514db7a4f633daaf384d33,Assault,1.0,0.0,1284996.0,29.418,216.439,1179.0,1319.0,631.0,1737.0,36.0,943.0,66.0,18246.0,0.418,3.073,4758.0,3.835,5937.0,19.859,43681.0,261124.0,2020-08-23T00:35:35Z,20960.0,22.783,130.186,5.0,36.0,66.0,279.0,0.303,1.733,156.0,1.788,161.0,3.106,920.0,5671.0,2020-07-11T03:22:07Z,437101.0,30.337,210.854,335.0,627.0,928.0,7523.0,0.522,3.629,1738.0,4.329,2073.0,16.16,14408.0,89296.0,2020-07-15T20:13:23Z,73805.0,21.606,245.199,26.0,56.0,103.0,499.0,0.146,1.658,275.0,1.815,301.0,8.638,3416.0,17098.0,2020-07-11T02:55:05Z,753130.0,30.201,221.379,813.0,1227.0,1580.0,9945.0,0.399,2.923,2589.0,3.841,3402.0,23.898,24937.0,149059.0,2020-08-23T00:35:35Z,116808.0,34.275,205.648,90.0,2370.0,0.695,4.173,478.0,4.958,568.0,15.845,3408.0,11513.0,2020-08-15T19:38:06Z
0bf6d4a871f847e89f3f1261b009090a,Kejser,1.0,0.0,0.0,0.0,0.0,1.0,0.0,1.0,0.0,3.0,2.0,7.0,18.0,0.0,0.783,22.0,0.818,23.0,4.348,0.0,0.0,1970-01-01T00:00:00Z,0.0,0.0,0.0,1.0,3.0,7.0,10.0,0.0,0.909,10.0,1.0,11.0,9.091,0.0,0.0,1970-01-01T00:00:00Z,0.0,0.0,0.0,0.0,1.0,2.0,5.0,0.0,0.833,6.0,0.833,6.0,0.0,0.0,0.0,1970-01-01T00:00:00Z,,,,,,,,,,,,,,,,,0.0,0.0,0.0,0.0,0.0,0.0,3.0,0.0,0.5,6.0,0.5,6.0,0.0,0.0,0.0,1970-01-01T00:00:00Z,,,,,,,,,,,,,,
b93c3bcdef9642e181377d489420de42,Ghoul,27.0,62.0,1334494.0,25.129,173.109,466.0,677.0,552.0,1076.0,639.0,1006.0,1015.0,10595.0,0.2,1.374,7243.0,1.463,7709.0,6.045,53105.0,352784.0,2020-09-14T05:13:37Z,429270.0,24.24,199.29,80.0,627.0,997.0,3296.0,0.186,1.53,2074.0,1.589,2154.0,3.714,17709.0,117913.0,2020-09-14T05:13:37Z,409901.0,24.53,160.368,114.0,534.0,970.0,3220.0,0.193,1.26,2442.0,1.319,2556.0,4.46,16710.0,115124.0,2020-09-14T01:16:48Z,6472.0,24.331,248.923,1.0,6.0,10.0,42.0,0.158,1.615,25.0,1.68,26.0,3.846,266.0,1609.0,2020-07-19T21:45:33Z,488851.0,26.539,164.43,271.0,633.0,1006.0,4037.0,0.219,1.358,2702.0,1.494,2973.0,9.115,18420.0,118138.0,2020-09-08T05:59:30Z,275003.0,33.093,295.068,40.0,4543.0,0.547,4.874,892.0,5.093,932.0,4.292,8310.0,20393.0,2020-09-09T06:05:43Z
6e9ae2c530394404a3773e3fe4a75cb6,Mrkeroro10,1.0,0.0,3066.0,22.711,109.5,0.0,0.0,1.0,0.0,0.0,1.0,1.0,27.0,0.2,0.964,28.0,0.964,28.0,0.0,135.0,1020.0,2019-09-11T20:35:52Z,1449.0,23.754,96.6,0.0,0.0,1.0,14.0,0.23,0.933,15.0,0.933,15.0,0.0,61.0,504.0,2019-09-11T20:35:52Z,610.0,24.4,305.0,0.0,1.0,1.0,7.0,0.28,3.5,2.0,3.5,2.0,0.0,25.0,149.0,2019-08-16T18:49:22Z,,,,,,,,,,,,,,,,,1007.0,20.551,91.545,0.0,0.0,0.0,6.0,0.122,0.545,11.0,0.545,11.0,0.0,49.0,367.0,2019-08-16T18:23:44Z,,,,,,,,,,,,,,
d9d2d202b1a3478fa81f70731ebd6252,Slackes,1.0,0.0,9175.0,35.98,1.521,579.0,367.0,475.0,519.0,386.0,833.0,602.0,20736.0,81.318,3.438,5452.0,3.803,6031.0,9.6,255.0,1800.0,2020-06-21T16:33:18Z,5246.0,39.444,2.828,147.0,357.0,569.0,5358.0,40.286,2.888,1708.0,3.137,1855.0,7.925,133.0,835.0,2020-06-21T16:13:18Z,3441.0,32.771,1.555,215.0,470.0,824.0,9305.0,88.619,4.205,1998.0,4.657,2213.0,9.715,105.0,802.0,2020-06-21T16:33:18Z,,,,,,,,,,,,,,,,,488.0,28.706,0.249,217.0,366.0,518.0,6073.0,357.235,3.094,1746.0,3.478,1963.0,11.055,17.0,163.0,2019-03-20T02:31:43Z,0.0,0.0,0.0,34.0,615.0,0.0,2.092,260.0,2.365,294.0,11.565,0.0,0.0,1970-01-01T00:00:00Z
b654177d9ef94dc49477c0b4ad5bf982,Brush,1.0,0.0,1597.0,28.018,199.625,1.0,0.0,0.0,0.0,1.0,0.0,3.0,17.0,0.298,2.125,7.0,2.429,8.0,12.5,57.0,371.0,2019-06-25T18:04:31Z,1597.0,28.018,199.625,1.0,1.0,3.0,17.0,0.298,2.125,7.0,2.429,8.0,12.5,57.0,371.0,2019-06-25T18:04:31Z,,,,,,,,,,,,,,,,,,,,,,,,,,,,,,,,,,,,,,,,,,,,,,,,,,,,,,,,,,,,,,
5400c1f5cea34e3ba8494c35570d0c2c,Jaomock,1.0,0.0,0.0,0.0,0.0,0.0,0.0,0.0,0.0,6.0,0.0,8.0,49.0,0.0,3.769,13.0,3.769,13.0,0.0,0.0,0.0,1970-01-01T00:00:00Z,0.0,0.0,0.0,0.0,6.0,8.0,49.0,0.0,3.769,13.0,3.769,13.0,0.0,0.0,0.0,1970-01-01T00:00:00Z,,,,,,,,,,,,,,,,,,,,,,,,,,,,,,,,,,,,,,,,,,,,,,,,,0.0,0.0,0.0,0.0,0.0,0.0,0.0,1.0,0.0,1.0,0.0,0.0,0.0,1970-01-01T00:00:00Z
3a2ebc76dca7463eb4ab33f02b135cff,Keys,1.0,0.0,30127.0,23.518,32.016,24.0,33.0,37.0,56.0,26.0,80.0,73.0,1099.0,0.858,1.168,917.0,1.198,941.0,2.55,1281.0,9914.0,2020-04-12T04:29:11Z,12185.0,22.776,45.466,1.0,26.0,72.0,330.0,0.617,1.231,267.0,1.236,268.0,0.373,535.0,4566.0,2020-04-12T02:03:31Z,13622.0,22.331,34.486,9.0,37.0,80.0,390.0,0.639,0.987,386.0,1.01,395.0,2.278,610.0,4342.0,2020-04-12T04:29:11Z,,,,,,,,,,,,,,,,,4320.0,31.765,15.54,14.0,33.0,56.0,379.0,2.787,1.363,264.0,1.436,278.0,5.036,136.0,1006.0,2019-05-06T03:36:20Z,5114.0,56.822,319.625,1.0,20.0,0.222,1.25,15.0,1.333,16.0,6.25,90.0,319.0,2020-06-27T03:36:22Z
283bd56d14ab4386a54aa7b93b1aa877,Motor,1.0,0.0,0.0,0.0,0.0,0.0,0.0,1.0,2.0,0.0,3.0,0.0,23.0,0.0,0.605,38.0,0.605,38.0,0.0,0.0,0.0,1970-01-01T00:00:00Z,,,,,,,,,,,,,,,,,0.0,0.0,0.0,0.0,1.0,3.0,15.0,0.0,0.789,19.0,0.789,19.0,0.0,0.0,0.0,1970-01-01T00:00:00Z,,,,,,,,,,,,,,,,,0.0,0.0,0.0,0.0,0.0,2.0,8.0,0.0,0.421,19.0,0.421,19.0,0.0,0.0,0.0,1970-01-01T00:00:00Z,0.0,0.0,0.0,1.0,1.0,0.0,0.333,2.0,0.5,3.0,33.333,0.0,0.0,1970-01-01T00:00:00Z
1e0a44cf96344f158cfb1247f6c7f927,Breso,1.0,0.0,0.0,0.0,0.0,0.0,0.0,0.0,0.0,1.0,0.0,1.0,5.0,0.0,0.238,21.0,0.238,21.0,0.0,0.0,0.0,1970-01-01T00:00:00Z,0.0,0.0,0.0,0.0,1.0,1.0,5.0,0.0,0.238,21.0,0.238,21.0,0.0,0.0,0.0,1970-01-01T00:00:00Z,,,,,,,,,,,,,,,,,,,,,,,,,,,,,,,,,,,,,,,,,,,,,,,,,0.0,0.0,0.0,0.0,1.0,0.0,1.0,1.0,1.0,1.0,0.0,0.0,0.0,1970-01-01T00:00:00Z
4ec33437cda544388f461c6fdc4de7e5,Jarkos,1.0,0.0,161.0,16.1,16.1,0.0,0.0,0.0,0.0,0.0,0.0,1.0,1.0,0.1,0.1,10.0,0.1,10.0,0.0,10.0,125.0,2018-12-07T09:41:28Z,161.0,16.1,16.1,0.0,0.0,1.0,1.0,0.1,0.1,10.0,0.1,10.0,0.0,10.0,125.0,2018-12-07T09:41:28Z,,,,,,,,,,,,,,,,,,,,,,,,,,,,,,,,,,,,,,,,,,,,,,,,,,,,,,,,,,,,,,
18f8faa6ac914596bd0b068a442879d1,Floelr,14.0,18.0,132232.0,22.933,240.86,29.0,35.0,89.0,53.0,31.0,173.0,53.0,514.0,0.089,0.936,520.0,0.988,549.0,5.282,5766.0,36095.0,2020-09-03T02:45:23Z,24690.0,23.381,214.696,1.0,31.0,53.0,112.0,0.106,0.974,114.0,0.982,115.0,0.87,1056.0,7548.0,2020-08-27T22:36:04Z,79705.0,22.465,234.426,13.0,89.0,173.0,292.0,0.082,0.859,327.0,0.893,340.0,3.824,3548.0,22115.0,2020-08-29T03:37:50Z,197.0,16.417,197.0,0.0,0.0,0.0,0.0,0.0,0.0,1.0,0.0,1.0,0.0,12.0,58.0,2020-07-03T03:27:42Z,27640.0,24.035,297.204,15.0,34.0,50.0,110.0,0.096,1.183,78.0,1.41,93.0,16.129,1150.0,6374.0,2020-09-03T02:45:23Z,118000.0,20.451,411.15,0.0,1109.0,0.192,3.864,287.0,3.864,287.0,0.0,5770.0,4682.0,2020-08-27T22:11:51Z
d70de542960f43b799e233c0a56ea2fa,Monsterbale,39.0,20.0,248605.0,23.275,223.365,46.0,60.0,105.0,102.0,118.0,216.0,207.0,1324.0,0.124,1.19,1067.0,1.241,1113.0,4.133,10681.0,67614.0,2020-09-14T01:25:48Z,92198.0,23.842,207.187,10.0,118.0,207.0,488.0,0.126,1.097,435.0,1.122,445.0,2.247,3867.0,26093.0,2020-09-13T21:29:41Z,99510.0,22.503,224.628,11.0,105.0,214.0,503.0,0.114,1.135,432.0,1.164,443.0,2.483,4422.0,27734.0,2020-09-14T01:25:48Z,4522.0,16.325,161.5,0.0,1.0,7.0,1.0,0.004,0.036,28.0,0.036,28.0,0.0,277.0,1446.0,2020-07-11T01:32:51Z,52375.0,24.764,265.863,25.0,58.0,91.0,332.0,0.157,1.685,172.0,1.93,197.0,12.69,2115.0,12341.0,2020-09-14T00:58:45Z,80724.0,20.805,389.971,0.0,1191.0,0.307,5.754,207.0,5.754,207.0,0.0,3880.0,3562.0,2020-08-28T05:35:30Z
59d85a48a5464f39b5bc16309c00fdb3,Sharshock,195.0,20.0,2244538.0,33.155,110.53,2001.0,629.0,768.0,952.0,3329.0,1296.0,5386.0,75837.0,1.12,3.735,18306.0,4.143,20307.0,9.854,67698.0,468545.0,2020-09-14T02:28:30Z,1775826.0,33.805,139.906,1361.0,3131.0,5104.0,49454.0,0.941,3.896,11332.0,4.364,12693.0,10.722,52531.0,369772.0,2020-09-14T02:28:30Z,261020.0,30.009,78.977,310.0,642.0,1066.0,11262.0,1.295,3.408,2995.0,3.76,3305.0,9.38,8698.0,53968.0,2020-09-07T20:16:30Z,,,,,,,,,,,,,,,,,207692.0,32.106,48.2,330.0,553.0,843.0,15121.0,2.337,3.509,3979.0,3.8,4309.0,7.658,6469.0,44805.0,2020-09-10T23:17:06Z,569205.0,39.682,204.75,338.0,21450.0,1.495,7.716,2442.0,8.784,2780.0,12.158,14344.0,76041.0,2020-09-14T01:55:06Z
33581b54bf4b43f29921b2de2571b7a5,BEP Rodolfo477,30.0,85.0,516693.0,22.843,175.032,74.0,117.0,220.0,181.0,183.0,459.0,444.0,3763.0,0.166,1.275,2878.0,1.308,2952.0,2.507,22619.0,170554.0,2020-09-13T22:59:56Z,224085.0,23.092,142.276,10.0,183.0,444.0,1627.0,0.168,1.033,1565.0,1.04,1575.0,0.635,9704.0,86992.0,2020-09-13T22:59:56Z,202765.0,22.927,199.768,36.0,183.0,366.0,1343.0,0.152,1.323,979.0,1.372,1015.0,3.547,8844.0,62046.0,2020-09-13T20:34:39Z,16660.0,17.246,216.364,0.0,8.0,25.0,61.0,0.063,0.792,77.0,0.792,77.0,0.0,966.0,4720.0,2020-07-11T01:32:51Z,73183.0,23.569,256.782,28.0,101.0,136.0,732.0,0.236,2.568,257.0,2.848,285.0,9.825,3105.0,16796.0,2020-09-08T01:39:33Z,93913.0,23.379,408.317,7.0,2017.0,0.502,8.77,223.0,9.045,230.0,3.043,4017.0,821.0,2020-08-04T21:46:31Z
de75a5aa56754114b1a0af0a668958a6,williamtotake,27.0,65.0,339111.0,22.556,127.581,113.0,209.0,244.0,323.0,78.0,508.0,158.0,2394.0,0.159,0.901,2545.0,0.941,2658.0,4.251,15034.0,98331.0,2020-09-14T00:30:38Z,30796.0,21.657,63.76,8.0,78.0,158.0,372.0,0.262,0.77,475.0,0.783,483.0,1.656,1422.0,9830.0,2020-09-14T00:30:38Z,202966.0,22.708,153.413,41.0,227.0,458.0,1199.0,0.134,0.906,1282.0,0.935,1323.0,3.099,8938.0,62998.0,2020-09-13T20:34:39Z,15909.0,16.889,203.962,0.0,8.0,26.0,24.0,0.025,0.308,78.0,0.308,78.0,0.0,942.0,4678.0,2020-07-11T01:32:51Z,89440.0,23.966,115.556,64.0,192.0,279.0,799.0,0.214,1.032,710.0,1.125,774.0,8.269,3732.0,20825.0,2020-09-08T01:39:33Z,37804.0,21.966,309.869,9.0,561.0,0.326,4.598,113.0,4.965,122.0,7.377,1721.0,94.0,2020-07-03T21:13:12Z
c4c3ee7069c848feaf3a3cc4c7e40534,BzAlva,21.0,55.0,26510.0,27.386,259.902,18.0,25.0,3.0,35.0,1.0,5.0,4.0,242.0,0.25,2.373,84.0,2.881,102.0,17.647,968.0,5705.0,2020-09-14T01:25:48Z,1684.0,19.812,168.4,0.0,1.0,4.0,9.0,0.106,0.9,10.0,0.9,10.0,0.0,85.0,449.0,2020-08-26T00:21:40Z,2983.0,27.62,213.071,2.0,3.0,5.0,27.0,0.25,1.929,12.0,2.25,14.0,14.286,108.0,708.0,2020-09-14T01:25:48Z,,,,,,,,,,,,,,,,,21843.0,28.185,280.038,16.0,25.0,35.0,206.0,0.266,2.641,62.0,3.323,78.0,20.513,775.0,4548.0,2020-09-14T00:58:45Z,0.0,0.0,0.0,0.0,0.0,0.0,0.0,2.0,0.0,2.0,0.0,0.0,0.0,1970-01-01T00:00:00Z
9259fd35d3a64b3e862787833c70a0c8,Cauanyca,18.0,92.0,20666.0,25.64,268.39,15.0,20.0,4.0,30.0,0.0,7.0,1.0,23.0,0.029,0.299,62.0,0.371,77.0,19.481,806.0,4740.0,2020-09-14T00:58:45Z,458.0,19.083,91.6,0.0,0.0,1.0,1.0,0.042,0.2,5.0,0.2,5.0,0.0,24.0,185.0,2020-09-11T21:03:18Z,3547.0,20.503,208.647,0.0,4.0,7.0,7.0,0.04,0.412,17.0,0.412,17.0,0.0,173.0,1049.0,2020-09-11T21:09:41Z,,,,,,,,,,,,,,,,,16661.0,27.358,302.927,15.0,20.0,30.0,15.0,0.025,0.273,40.0,0.375,55.0,27.273,609.0,3506.0,2020-09-14T00:58:45Z,967.0,22.488,322.333,0.0,1.0,0.023,0.333,3.0,0.333,3.0,0.0,43.0,56.0,2020-09-06T16:12:02Z
207c5b9696ed415c985faec47d2a87b1,Guibru123,25.0,4.0,17174.0,26.14,281.541,9.0,13.0,4.0,22.0,0.0,6.0,0.0,128.0,0.195,2.098,52.0,2.462,61.0,14.754,657.0,3802.0,2020-09-14T00:58:45Z,,,,,,,,,,,,,,,,,3162.0,22.913,243.231,0.0,4.0,6.0,27.0,0.196,2.077,13.0,2.077,13.0,0.0,138.0,815.0,2020-09-11T21:09:41Z,,,,,,,,,,,,,,,,,14012.0,26.998,291.917,9.0,13.0,22.0,101.0,0.195,2.104,39.0,2.59,48.0,18.75,519.0,2987.0,2020-09-14T00:58:45Z,329.0,27.417,329.0,0.0,2.0,0.167,2.0,1.0,2.0,1.0,0.0,12.0,20.0,2020-09-02T01:36:21Z
